created_at,Document.name,Document.id
2017-08-08 04:32:57,CCA AP,5dd2b135-44cb-460e-8241-35ce2d616cc0
2017-08-08 05:49:52,CCA AP,5dd2b135-44cb-460e-8241-35ce2d616cc0
2017-08-08 05:55:37,CCA AP,5dd2b135-44cb-460e-8241-35ce2d616cc0
2017-08-08 06:45:26,CCA AP,5dd2b135-44cb-460e-8241-35ce2d616cc0
2017-08-08 06:51:18,CCA AP,5dd2b135-44cb-460e-8241-35ce2d616cc0
2017-08-08 09:05:46,CCA AP,5dd2b135-44cb-460e-8241-35ce2d616cc0
2017-08-08 09:29:44,CCA AP,5dd2b135-44cb-460e-8241-35ce2d616cc0
2017-08-08 09:41:21,CCA AP,5dd2b135-44cb-460e-8241-35ce2d616cc0
2017-08-08 10:40:03,CCA AP,5dd2b135-44cb-460e-8241-35ce2d616cc0
2017-08-08 11:10:54,CCA AP,5dd2b135-44cb-460e-8241-35ce2d616cc0
2017-08-08 12:11:37,CCA AP,5dd2b135-44cb-460e-8241-35ce2d616cc0
2017-08-08 13:31:39,CCA AP,5dd2b135-44cb-460e-8241-35ce2d616cc0
2017-08-08 13:55:49,CCA AP,5dd2b135-44cb-460e-8241-35ce2d616cc0
2017-08-08 13:55:50,CCA AP,5dd2b135-44cb-460e-8241-35ce2d616cc0
2017-08-08 13:55:52,CCA AP,5dd2b135-44cb-460e-8241-35ce2d616cc0
2017-08-08 14:55:52,CCA AP,5dd2b135-44cb-460e-8241-35ce2d616cc0
2017-08-08 15:08:18,CCA AP,5dd2b135-44cb-460e-8241-35ce2d616cc0
2017-08-08 17:15:52,CCA AP,5dd2b135-44cb-460e-8241-35ce2d616cc0
2017-08-08 18:17:51,CCA AP,5dd2b135-44cb-460e-8241-35ce2d616cc0
2017-08-08 18:30:56,CCA AP,5dd2b135-44cb-460e-8241-35ce2d616cc0
2017-08-08 19:31:14,CCA AP,5dd2b135-44cb-460e-8241-35ce2d616cc0
2017-08-08 20:19:25,CCA AP,5dd2b135-44cb-460e-8241-35ce2d616cc0
2017-08-08 20:33:56,CCA AP,5dd2b135-44cb-460e-8241-35ce2d616cc0
2017-08-08 20:40:04,CCA AP,5dd2b135-44cb-460e-8241-35ce2d616cc0
2017-08-08 21:29:55,CCA AP,5dd2b135-44cb-460e-8241-35ce2d616cc0
2017-08-08 21:40:02,CCA AP,5dd2b135-44cb-460e-8241-35ce2d616cc0
